{
  "capacity_over_pressure": 2.423145493498121,
  "capacity_over_pressure_times_constraints": 2.594839703718326,
  "capacity_times_continuity_over_pressure": 7.913417824778146,
  "U": 7.361630531746624
}