{
  "capacity_over_pressure": 2.4602214253281067,
  "capacity_over_pressure_times_constraints": 2.5749502408570715,
  "capacity_times_continuity_over_pressure": 8.029176417664,
  "U": 7.442490784430521
}